"","height","gender"
"1",173,"F"
"2",163,"F"
"3",160,"F"
"4",148,"F"
"5",160,"F"
"6",165,"F"
"7",144,"F"
"8",163,"F"
"9",167,"F"
"10",170,"F"
"11",171,"F"
"12",171,"F"
"13",161,"F"
"14",173,"F"
"15",150,"F"
"16",172,"F"
"17",176,"F"
"18",174,"F"
"19",151,"F"
"20",157,"F"
"21",152,"F"
"22",168,"F"
"23",161,"F"
"24",171,"F"
"25",152,"F"
"26",157,"F"
"27",170,"F"
"28",162,"F"
"29",168,"F"
"30",162,"F"
"31",156,"F"
"32",166,"F"
"33",162,"F"
"34",159,"F"
"35",175,"F"
"36",156,"F"
"37",156,"F"
"38",158,"F"
"39",177,"F"
"40",157,"F"
"41",165,"F"
"42",158,"F"
"43",168,"F"
"44",163,"F"
"45",154,"F"
"46",149,"F"
"47",158,"F"
"48",165,"F"
"49",150,"F"
"50",161,"F"
"51",166,"F"
"52",170,"F"
"53",159,"F"
"54",161,"F"
"55",154,"F"
"56",167,"F"
"57",169,"F"
"58",160,"F"
"59",172,"F"
"60",154,"F"
"61",154,"F"
"62",158,"F"
"63",164,"F"
"64",165,"F"
"65",157,"F"
"66",169,"F"
"67",168,"F"
"68",162,"F"
"69",158,"F"
"70",143,"F"
"71",182,"F"
"72",161,"F"
"73",153,"F"
"74",171,"F"
"75",161,"F"
"76",158,"F"
"77",165,"F"
"78",150,"F"
"79",157,"F"
"80",160,"F"
"81",171,"F"
"82",174,"F"
"83",165,"F"
"84",172,"F"
"85",175,"F"
"86",154,"F"
"87",166,"F"
"88",159,"F"
"89",169,"F"
"90",168,"F"
"91",164,"F"
"92",161,"F"
"93",160,"F"
"94",163,"F"
"95",162,"F"
"96",164,"F"
"97",172,"F"
"98",153,"F"
"99",171,"F"
"100",157,"F"
"101",178,"F"
"102",159,"F"
"103",169,"F"
"104",167,"F"
"105",159,"F"
"106",169,"F"
"107",167,"F"
"108",161,"F"
"109",157,"F"
"110",150,"F"
"111",159,"F"
"112",165,"F"
"113",160,"F"
"114",170,"F"
"115",160,"F"
"116",168,"F"
"117",174,"F"
"118",160,"F"
"119",160,"F"
"120",160,"F"
"121",152,"F"
"122",149,"F"
"123",157,"F"
"124",152,"F"
"125",158,"F"
"126",174,"F"
"127",172,"F"
"128",159,"F"
"129",162,"F"
"130",168,"F"
"131",160,"F"
"132",160,"F"
"133",160,"F"
"134",160,"F"
"135",176,"F"
"136",143,"F"
"137",176,"F"
"138",151,"F"
"139",166,"F"
"140",152,"F"
"141",157,"F"
"142",165,"F"
"143",167,"F"
"144",160,"F"
"145",156,"F"
"146",163,"F"
"147",149,"F"
"148",164,"F"
"149",155,"F"
"150",156,"F"
"151",153,"F"
"152",164,"F"
"153",163,"F"
"154",183,"F"
"155",163,"F"
"156",166,"F"
"157",156,"F"
"158",169,"F"
"159",163,"F"
"160",156,"F"
"161",171,"F"
"162",165,"F"
"163",147,"F"
"164",175,"F"
"165",161,"F"
"166",183,"F"
"167",169,"F"
"168",155,"F"
"169",161,"F"
"170",160,"F"
"171",169,"F"
"172",184,"F"
"173",167,"F"
"174",157,"F"
"175",162,"F"
"176",168,"F"
"177",166,"F"
"178",161,"F"
"179",169,"F"
"180",167,"F"
"181",151,"F"
"182",174,"F"
"183",169,"F"
"184",168,"F"
"185",162,"F"
"186",162,"F"
"187",171,"F"
"188",166,"F"
"189",160,"F"
"190",166,"F"
"191",154,"F"
"192",159,"F"
"193",159,"F"
"194",167,"F"
"195",161,"F"
"196",160,"F"
"197",170,"F"
"198",178,"F"
"199",168,"F"
"200",167,"F"
"201",166,"F"
"202",162,"F"
"203",171,"F"
"204",156,"F"
"205",180,"F"
"206",155,"F"
"207",169,"F"
"208",178,"F"
"209",166,"F"
"210",156,"F"
"211",167,"F"
"212",175,"F"
"213",168,"F"
"214",155,"F"
"215",150,"F"
"216",161,"F"
"217",160,"F"
"218",156,"F"
"219",159,"F"
"220",176,"F"
"221",158,"F"
"222",178,"F"
"223",156,"F"
"224",164,"F"
"225",154,"F"
"226",163,"F"
"227",155,"F"
"228",155,"F"
"229",165,"F"
"230",169,"F"
"231",152,"F"
"232",154,"F"
"233",159,"F"
"234",156,"F"
"235",162,"F"
"236",160,"F"
"237",155,"F"
"238",167,"F"
"239",166,"F"
"240",157,"F"
"241",151,"F"
"242",154,"F"
"243",159,"F"
"244",156,"F"
"245",158,"F"
"246",186,"F"
"247",165,"F"
"248",171,"F"
"249",155,"F"
"250",168,"F"
"251",160,"F"
"252",160,"F"
"253",165,"F"
"254",176,"F"
"255",153,"F"
"256",163,"F"
"257",159,"F"
"258",155,"F"
"259",167,"F"
"260",154,"F"
"261",152,"F"
"262",158,"F"
"263",147,"F"
"264",160,"F"
"265",168,"F"
"266",167,"F"
"267",159,"F"
"268",168,"F"
"269",153,"F"
"270",161,"F"
"271",154,"F"
"272",169,"F"
"273",151,"F"
"274",165,"F"
"275",168,"F"
"276",170,"F"
"277",170,"F"
"278",151,"F"
"279",153,"F"
"280",168,"F"
"281",166,"F"
"282",175,"F"
"283",156,"F"
"284",171,"F"
"285",161,"F"
"286",158,"F"
"287",167,"F"
"288",174,"F"
"289",161,"F"
"290",176,"F"
"291",164,"F"
"292",173,"F"
"293",160,"F"
"294",157,"F"
"295",169,"F"
"296",156,"F"
"297",156,"F"
"298",159,"F"
"299",172,"F"
"300",164,"F"
"301",154,"F"
"302",170,"F"
"303",163,"F"
"304",154,"F"
"305",164,"F"
"306",162,"F"
"307",167,"F"
"308",161,"F"
"309",169,"F"
"310",169,"F"
"311",166,"F"
"312",153,"F"
"313",163,"F"
"314",159,"F"
"315",155,"F"
"316",165,"F"
"317",168,"F"
"318",178,"F"
"319",153,"F"
"320",162,"F"
"321",172,"F"
"322",167,"F"
"323",156,"F"
"324",160,"F"
"325",149,"F"
"326",141,"F"
"327",157,"F"
"328",162,"F"
"329",165,"F"
"330",161,"F"
"331",147,"F"
"332",158,"F"
"333",158,"F"
"334",151,"F"
"335",153,"F"
"336",170,"F"
"337",166,"F"
"338",158,"F"
"339",152,"F"
"340",153,"F"
"341",161,"F"
"342",162,"F"
"343",163,"F"
"344",158,"F"
"345",164,"F"
"346",150,"F"
"347",153,"F"
"348",162,"F"
"349",166,"F"
"350",156,"F"
"351",167,"F"
"352",168,"F"
"353",164,"F"
"354",154,"F"
"355",153,"F"
"356",147,"F"
"357",152,"F"
"358",148,"F"
"359",160,"F"
"360",165,"F"
"361",167,"F"
"362",160,"F"
"363",170,"F"
"364",177,"F"
"365",161,"F"
"366",163,"F"
"367",152,"F"
"368",164,"F"
"369",164,"F"
"370",163,"F"
"371",170,"F"
"372",156,"F"
"373",169,"F"
"374",178,"F"
"375",157,"F"
"376",166,"F"
"377",164,"F"
"378",159,"F"
"379",166,"F"
"380",156,"F"
"381",156,"F"
"382",163,"F"
"383",165,"F"
"384",154,"F"
"385",151,"F"
"386",159,"F"
"387",167,"F"
"388",152,"F"
"389",157,"F"
"390",174,"F"
"391",158,"F"
"392",166,"F"
"393",165,"F"
"394",166,"F"
"395",170,"F"
"396",160,"F"
"397",166,"F"
"398",162,"F"
"399",171,"F"
"400",158,"F"
"401",160,"F"
"402",168,"F"
"403",153,"F"
"404",172,"F"
"405",162,"F"
"406",150,"F"
"407",163,"F"
"408",169,"F"
"409",158,"F"
"410",176,"F"
"411",159,"F"
"412",177,"F"
"413",164,"F"
"414",157,"F"
"415",176,"F"
"416",173,"F"
"417",166,"F"
"418",147,"F"
"419",160,"F"
"420",157,"F"
"421",172,"F"
"422",166,"F"
"423",174,"F"
"424",163,"F"
"425",157,"F"
"426",166,"F"
"427",168,"F"
"428",157,"F"
"429",149,"F"
"430",168,"F"
"431",172,"F"
"432",157,"F"
"433",149,"F"
"434",151,"F"
"435",168,"F"
"436",168,"F"
"437",172,"F"
"438",146,"F"
"439",166,"F"
"440",172,"F"
"441",155,"F"
"442",143,"F"
"443",157,"F"
"444",166,"F"
"445",155,"F"
"446",160,"F"
"447",171,"F"
"448",166,"F"
"449",156,"F"
"450",148,"F"
"451",172,"F"
"452",155,"F"
"453",160,"F"
"454",164,"F"
"455",149,"F"
"456",162,"F"
"457",162,"F"
"458",174,"F"
"459",160,"F"
"460",169,"F"
"461",174,"F"
"462",172,"F"
"463",170,"F"
"464",161,"F"
"465",154,"F"
"466",166,"F"
"467",162,"F"
"468",160,"F"
"469",173,"F"
"470",143,"F"
"471",160,"F"
"472",156,"F"
"473",184,"F"
"474",160,"F"
"475",160,"F"
"476",163,"F"
"477",152,"F"
"478",161,"F"
"479",170,"F"
"480",156,"F"
"481",168,"F"
"482",159,"F"
"483",172,"F"
"484",162,"F"
"485",157,"F"
"486",161,"F"
"487",158,"F"
"488",158,"F"
"489",152,"F"
"490",166,"F"
"491",162,"F"
"492",163,"F"
"493",162,"F"
"494",145,"F"
"495",156,"F"
"496",171,"F"
"497",163,"F"
"498",161,"F"
"499",158,"F"
"500",173,"F"
"501",157,"F"
"502",163,"F"
"503",170,"F"
"504",161,"F"
"505",164,"F"
"506",159,"F"
"507",165,"F"
"508",152,"F"
"509",170,"F"
"510",164,"F"
"511",156,"F"
"512",168,"F"
"513",177,"F"
"514",163,"F"
"515",153,"F"
"516",155,"F"
"517",151,"F"
"518",167,"F"
"519",168,"F"
"520",161,"F"
"521",159,"F"
"522",173,"F"
"523",157,"F"
"524",159,"F"
"525",170,"F"
"526",161,"F"
"527",159,"F"
"528",159,"F"
"529",173,"F"
"530",165,"F"
"531",166,"F"
"532",173,"F"
"533",169,"F"
"534",166,"F"
"535",167,"F"
"536",167,"F"
"537",167,"F"
"538",165,"F"
"539",163,"F"
"540",146,"F"
"541",156,"F"
"542",164,"F"
"543",156,"F"
"544",157,"F"
"545",156,"F"
"546",167,"F"
"547",161,"F"
"548",163,"F"
"549",156,"F"
"550",164,"F"
"551",169,"F"
"552",157,"F"
"553",157,"F"
"554",171,"F"
"555",173,"F"
"556",172,"F"
"557",155,"F"
"558",170,"F"
"559",165,"F"
"560",169,"F"
"561",156,"F"
"562",153,"F"
"563",158,"F"
"564",145,"F"
"565",160,"F"
"566",160,"F"
"567",174,"F"
"568",162,"F"
"569",160,"F"
"570",164,"F"
"571",163,"F"
"572",149,"F"
"573",159,"F"
"574",159,"F"
"575",170,"F"
"576",157,"F"
"577",166,"F"
"578",153,"F"
"579",162,"F"
"580",157,"F"
"581",157,"F"
"582",162,"F"
"583",159,"F"
"584",174,"F"
"585",157,"F"
"586",155,"F"
"587",147,"F"
"588",166,"F"
"589",160,"F"
"590",171,"F"
"591",148,"F"
"592",159,"F"
"593",148,"F"
"594",162,"F"
"595",163,"F"
"596",161,"F"
"597",167,"F"
"598",168,"F"
"599",174,"F"
"600",161,"F"
"601",169,"F"
"602",147,"F"
"603",164,"F"
"604",163,"F"
"605",154,"F"
"606",162,"F"
"607",166,"F"
"608",159,"F"
"609",173,"F"
"610",155,"F"
"611",156,"F"
"612",163,"F"
"613",150,"F"
"614",171,"F"
"615",169,"F"
"616",166,"F"
"617",158,"F"
"618",158,"F"
"619",154,"F"
"620",166,"F"
"621",167,"F"
"622",158,"F"
"623",156,"F"
"624",141,"F"
"625",163,"F"
"626",167,"F"
"627",156,"F"
"628",161,"F"
"629",160,"F"
"630",159,"F"
"631",169,"F"
"632",163,"F"
"633",171,"F"
"634",180,"F"
"635",161,"F"
"636",158,"F"
"637",163,"F"
"638",163,"F"
"639",152,"F"
"640",161,"F"
"641",150,"F"
"642",162,"F"
"643",180,"F"
"644",160,"F"
"645",156,"F"
"646",161,"F"
"647",167,"F"
"648",159,"F"
"649",166,"F"
"650",158,"F"
"651",163,"F"
"652",175,"F"
"653",157,"F"
"654",155,"F"
"655",160,"F"
"656",154,"F"
"657",169,"F"
"658",148,"F"
"659",170,"F"
"660",175,"F"
"661",161,"F"
"662",170,"F"
"663",160,"F"
"664",177,"F"
"665",161,"F"
"666",163,"F"
"667",164,"F"
"668",173,"F"
"669",166,"F"
"670",155,"F"
"671",168,"F"
"672",175,"F"
"673",168,"F"
"674",169,"F"
"675",168,"F"
"676",163,"F"
"677",161,"F"
"678",156,"F"
"679",154,"F"
"680",163,"F"
"681",164,"F"
"682",174,"F"
"683",165,"F"
"684",162,"F"
"685",166,"F"
"686",158,"F"
"687",167,"F"
"688",150,"F"
"689",153,"F"
"690",162,"F"
"691",181,"F"
"692",168,"F"
"693",162,"F"
"694",155,"F"
"695",168,"F"
"696",181,"F"
"697",164,"F"
"698",170,"F"
"699",164,"F"
"700",173,"F"
"701",150,"F"
"702",179,"F"
"703",154,"F"
"704",162,"F"
"705",150,"F"
"706",145,"F"
"707",166,"F"
"708",157,"F"
"709",160,"F"
"710",169,"F"
"711",166,"F"
"712",165,"F"
"713",170,"F"
"714",157,"F"
"715",150,"F"
"716",169,"F"
"717",157,"F"
"718",155,"F"
"719",165,"F"
"720",169,"F"
"721",177,"F"
"722",161,"F"
"723",160,"F"
"724",162,"F"
"725",162,"F"
"726",156,"F"
"727",165,"F"
"728",163,"F"
"729",161,"F"
"730",157,"F"
"731",165,"F"
"732",153,"F"
"733",144,"F"
"734",163,"F"
"735",168,"F"
"736",143,"F"
"737",150,"F"
"738",167,"F"
"739",150,"F"
"740",170,"F"
"741",168,"F"
"742",156,"F"
"743",159,"F"
"744",155,"F"
"745",155,"F"
"746",162,"F"
"747",158,"F"
"748",147,"F"
"749",170,"F"
"750",145,"F"
"751",161,"F"
"752",149,"F"
"753",158,"F"
"754",151,"F"
"755",175,"F"
"756",160,"F"
"757",154,"F"
"758",161,"F"
"759",163,"F"
"760",167,"F"
"761",170,"F"
"762",159,"F"
"763",174,"F"
"764",156,"F"
"765",164,"F"
"766",171,"F"
"767",153,"F"
"768",168,"F"
"769",178,"F"
"770",160,"F"
"771",164,"F"
"772",170,"F"
"773",154,"F"
"774",170,"F"
"775",170,"F"
"776",155,"F"
"777",176,"F"
"778",155,"F"
"779",167,"F"
"780",160,"F"
"781",159,"F"
"782",155,"F"
"783",162,"F"
"784",156,"F"
"785",158,"F"
"786",165,"F"
"787",157,"F"
"788",166,"F"
"789",159,"F"
"790",159,"F"
"791",158,"F"
"792",173,"F"
"793",168,"F"
"794",162,"F"
"795",158,"F"
"796",153,"F"
"797",174,"F"
"798",150,"F"
"799",164,"F"
"800",170,"F"
"801",161,"F"
"802",159,"F"
"803",154,"F"
"804",169,"F"
"805",154,"F"
"806",166,"F"
"807",159,"F"
"808",165,"F"
"809",154,"F"
"810",157,"F"
"811",158,"F"
"812",156,"F"
"813",160,"F"
"814",161,"F"
"815",147,"F"
"816",170,"F"
"817",158,"F"
"818",178,"F"
"819",162,"F"
"820",161,"F"
"821",160,"F"
"822",154,"F"
"823",155,"F"
"824",153,"F"
"825",167,"F"
"826",155,"F"
"827",155,"F"
"828",174,"F"
"829",146,"F"
"830",165,"F"
"831",164,"F"
"832",150,"F"
"833",152,"F"
"834",161,"F"
"835",157,"F"
"836",166,"F"
"837",163,"F"
"838",164,"F"
"839",151,"F"
"840",167,"F"
"841",162,"F"
"842",166,"F"
"843",149,"F"
"844",160,"F"
"845",159,"F"
"846",172,"F"
"847",164,"F"
"848",166,"F"
"849",163,"F"
"850",165,"F"
"851",154,"F"
"852",153,"F"
"853",164,"F"
"854",161,"F"
"855",160,"F"
"856",165,"F"
"857",167,"F"
"858",172,"F"
"859",169,"F"
"860",165,"F"
"861",169,"F"
"862",162,"F"
"863",163,"F"
"864",143,"F"
"865",148,"F"
"866",164,"F"
"867",169,"F"
"868",162,"F"
"869",161,"F"
"870",164,"F"
"871",162,"F"
"872",175,"F"
"873",165,"F"
"874",163,"F"
"875",158,"F"
"876",165,"F"
"877",172,"F"
"878",163,"F"
"879",153,"F"
"880",160,"F"
"881",153,"F"
"882",160,"F"
"883",161,"F"
"884",147,"F"
"885",152,"F"
"886",167,"F"
"887",169,"F"
"888",164,"F"
"889",161,"F"
"890",159,"F"
"891",153,"F"
"892",165,"F"
"893",161,"F"
"894",142,"F"
"895",167,"F"
"896",169,"F"
"897",161,"F"
"898",159,"F"
"899",156,"F"
"900",174,"F"
"901",154,"F"
"902",160,"F"
"903",172,"F"
"904",158,"F"
"905",156,"F"
"906",157,"F"
"907",147,"F"
"908",176,"F"
"909",170,"F"
"910",164,"F"
"911",157,"F"
"912",157,"F"
"913",154,"F"
"914",169,"F"
"915",173,"F"
"916",150,"F"
"917",151,"F"
"918",160,"F"
"919",158,"F"
"920",162,"F"
"921",158,"F"
"922",178,"F"
"923",162,"F"
"924",173,"F"
"925",174,"F"
"926",176,"F"
"927",156,"F"
"928",171,"F"
"929",152,"F"
"930",154,"F"
"931",167,"F"
"932",157,"F"
"933",161,"F"
"934",150,"F"
"935",161,"F"
"936",177,"F"
"937",156,"F"
"938",170,"F"
"939",158,"F"
"940",169,"F"
"941",149,"F"
"942",167,"F"
"943",165,"F"
"944",155,"F"
"945",156,"F"
"946",180,"F"
"947",169,"F"
"948",160,"F"
"949",148,"F"
"950",160,"F"
"951",170,"F"
"952",164,"F"
"953",166,"F"
"954",160,"F"
"955",164,"F"
"956",169,"F"
"957",174,"F"
"958",147,"F"
"959",167,"F"
"960",162,"F"
"961",157,"F"
"962",156,"F"
"963",161,"F"
"964",156,"F"
"965",163,"F"
"966",166,"F"
"967",173,"F"
"968",173,"F"
"969",161,"F"
"970",165,"F"
"971",155,"F"
"972",157,"F"
"973",149,"F"
"974",148,"F"
"975",163,"F"
"976",171,"F"
"977",179,"F"
"978",167,"F"
"979",167,"F"
"980",177,"F"
"981",171,"F"
"982",161,"F"
"983",157,"F"
"984",175,"F"
"985",175,"F"
"986",154,"F"
"987",164,"F"
"988",167,"F"
"989",172,"F"
"990",160,"F"
"991",159,"F"
"992",161,"F"
"993",161,"F"
"994",169,"F"
"995",156,"F"
"996",154,"F"
"997",178,"F"
"998",154,"F"
"999",161,"F"
"1000",163,"F"
"1001",185,"M"
"1002",168,"M"
"1003",169,"M"
"1004",171,"M"
"1005",181,"M"
"1006",164,"M"
"1007",169,"M"
"1008",192,"M"
"1009",174,"M"
"1010",169,"M"
"1011",167,"M"
"1012",169,"M"
"1013",191,"M"
"1014",166,"M"
"1015",181,"M"
"1016",174,"M"
"1017",158,"M"
"1018",174,"M"
"1019",178,"M"
"1020",181,"M"
"1021",177,"M"
"1022",176,"M"
"1023",190,"M"
"1024",163,"M"
"1025",176,"M"
"1026",158,"M"
"1027",180,"M"
"1028",171,"M"
"1029",161,"M"
"1030",175,"M"
"1031",187,"M"
"1032",175,"M"
"1033",189,"M"
"1034",159,"M"
"1035",200,"M"
"1036",173,"M"
"1037",175,"M"
"1038",182,"M"
"1039",184,"M"
"1040",195,"M"
"1041",173,"M"
"1042",164,"M"
"1043",184,"M"
"1044",178,"M"
"1045",196,"M"
"1046",179,"M"
"1047",172,"M"
"1048",175,"M"
"1049",171,"M"
"1050",185,"M"
"1051",177,"M"
"1052",172,"M"
"1053",178,"M"
"1054",169,"M"
"1055",176,"M"
"1056",177,"M"
"1057",163,"M"
"1058",177,"M"
"1059",193,"M"
"1060",175,"M"
"1061",179,"M"
"1062",170,"M"
"1063",177,"M"
"1064",181,"M"
"1065",178,"M"
"1066",188,"M"
"1067",178,"M"
"1068",173,"M"
"1069",177,"M"
"1070",178,"M"
"1071",192,"M"
"1072",162,"M"
"1073",187,"M"
"1074",187,"M"
"1075",170,"M"
"1076",178,"M"
"1077",180,"M"
"1078",181,"M"
"1079",181,"M"
"1080",180,"M"
"1081",175,"M"
"1082",175,"M"
"1083",167,"M"
"1084",165,"M"
"1085",179,"M"
"1086",167,"M"
"1087",180,"M"
"1088",187,"M"
"1089",155,"M"
"1090",178,"M"
"1091",171,"M"
"1092",200,"M"
"1093",198,"M"
"1094",172,"M"
"1095",155,"M"
"1096",165,"M"
"1097",171,"M"
"1098",173,"M"
"1099",155,"M"
"1100",175,"M"
"1101",169,"M"
"1102",181,"M"
"1103",177,"M"
"1104",170,"M"
"1105",158,"M"
"1106",174,"M"
"1107",176,"M"
"1108",178,"M"
"1109",173,"M"
"1110",154,"M"
"1111",173,"M"
"1112",160,"M"
"1113",166,"M"
"1114",162,"M"
"1115",188,"M"
"1116",192,"M"
"1117",164,"M"
"1118",184,"M"
"1119",183,"M"
"1120",182,"M"
"1121",151,"M"
"1122",180,"M"
"1123",180,"M"
"1124",196,"M"
"1125",165,"M"
"1126",161,"M"
"1127",189,"M"
"1128",173,"M"
"1129",177,"M"
"1130",167,"M"
"1131",166,"M"
"1132",160,"M"
"1133",180,"M"
"1134",154,"M"
"1135",175,"M"
"1136",193,"M"
"1137",179,"M"
"1138",170,"M"
"1139",188,"M"
"1140",176,"M"
"1141",159,"M"
"1142",166,"M"
"1143",187,"M"
"1144",177,"M"
"1145",172,"M"
"1146",177,"M"
"1147",180,"M"
"1148",175,"M"
"1149",185,"M"
"1150",174,"M"
"1151",170,"M"
"1152",179,"M"
"1153",182,"M"
"1154",182,"M"
"1155",176,"M"
"1156",178,"M"
"1157",178,"M"
"1158",178,"M"
"1159",173,"M"
"1160",172,"M"
"1161",178,"M"
"1162",154,"M"
"1163",178,"M"
"1164",179,"M"
"1165",160,"M"
"1166",160,"M"
"1167",171,"M"
"1168",187,"M"
"1169",183,"M"
"1170",178,"M"
"1171",172,"M"
"1172",167,"M"
"1173",163,"M"
"1174",164,"M"
"1175",174,"M"
"1176",178,"M"
"1177",170,"M"
"1178",182,"M"
"1179",147,"M"
"1180",160,"M"
"1181",175,"M"
"1182",166,"M"
"1183",197,"M"
"1184",169,"M"
"1185",197,"M"
"1186",171,"M"
"1187",171,"M"
"1188",158,"M"
"1189",175,"M"
"1190",189,"M"
"1191",178,"M"
"1192",174,"M"
"1193",170,"M"
"1194",184,"M"
"1195",175,"M"
"1196",164,"M"
"1197",183,"M"
"1198",165,"M"
"1199",168,"M"
"1200",171,"M"
"1201",176,"M"
"1202",165,"M"
"1203",174,"M"
"1204",167,"M"
"1205",179,"M"
"1206",169,"M"
"1207",174,"M"
"1208",158,"M"
"1209",187,"M"
"1210",179,"M"
"1211",176,"M"
"1212",165,"M"
"1213",190,"M"
"1214",176,"M"
"1215",159,"M"
"1216",177,"M"
"1217",161,"M"
"1218",181,"M"
"1219",175,"M"
"1220",186,"M"
"1221",156,"M"
"1222",181,"M"
"1223",178,"M"
"1224",177,"M"
"1225",171,"M"
"1226",184,"M"
"1227",182,"M"
"1228",180,"M"
"1229",161,"M"
"1230",172,"M"
"1231",171,"M"
"1232",165,"M"
"1233",173,"M"
"1234",189,"M"
"1235",168,"M"
"1236",172,"M"
"1237",180,"M"
"1238",172,"M"
"1239",172,"M"
"1240",189,"M"
"1241",156,"M"
"1242",189,"M"
"1243",184,"M"
"1244",178,"M"
"1245",171,"M"
"1246",163,"M"
"1247",156,"M"
"1248",180,"M"
"1249",166,"M"
"1250",174,"M"
"1251",160,"M"
"1252",168,"M"
"1253",182,"M"
"1254",156,"M"
"1255",167,"M"
"1256",170,"M"
"1257",179,"M"
"1258",177,"M"
"1259",174,"M"
"1260",181,"M"
"1261",185,"M"
"1262",165,"M"
"1263",179,"M"
"1264",186,"M"
"1265",167,"M"
"1266",181,"M"
"1267",174,"M"
"1268",165,"M"
"1269",180,"M"
"1270",183,"M"
"1271",172,"M"
"1272",194,"M"
"1273",159,"M"
"1274",185,"M"
"1275",161,"M"
"1276",183,"M"
"1277",163,"M"
"1278",159,"M"
"1279",169,"M"
"1280",162,"M"
"1281",166,"M"
"1282",193,"M"
"1283",174,"M"
"1284",177,"M"
"1285",175,"M"
"1286",166,"M"
"1287",171,"M"
"1288",193,"M"
"1289",180,"M"
"1290",167,"M"
"1291",155,"M"
"1292",163,"M"
"1293",156,"M"
"1294",171,"M"
"1295",196,"M"
"1296",179,"M"
"1297",193,"M"
"1298",174,"M"
"1299",169,"M"
"1300",196,"M"
"1301",198,"M"
"1302",166,"M"
"1303",184,"M"
"1304",174,"M"
"1305",181,"M"
"1306",204,"M"
"1307",171,"M"
"1308",164,"M"
"1309",169,"M"
"1310",148,"M"
"1311",164,"M"
"1312",175,"M"
"1313",159,"M"
"1314",188,"M"
"1315",164,"M"
"1316",182,"M"
"1317",184,"M"
"1318",181,"M"
"1319",188,"M"
"1320",166,"M"
"1321",165,"M"
"1322",190,"M"
"1323",170,"M"
"1324",177,"M"
"1325",163,"M"
"1326",180,"M"
"1327",158,"M"
"1328",176,"M"
"1329",180,"M"
"1330",172,"M"
"1331",169,"M"
"1332",179,"M"
"1333",162,"M"
"1334",170,"M"
"1335",179,"M"
"1336",169,"M"
"1337",181,"M"
"1338",172,"M"
"1339",191,"M"
"1340",185,"M"
"1341",179,"M"
"1342",167,"M"
"1343",188,"M"
"1344",180,"M"
"1345",166,"M"
"1346",181,"M"
"1347",194,"M"
"1348",170,"M"
"1349",171,"M"
"1350",171,"M"
"1351",168,"M"
"1352",173,"M"
"1353",181,"M"
"1354",183,"M"
"1355",179,"M"
"1356",170,"M"
"1357",179,"M"
"1358",183,"M"
"1359",175,"M"
"1360",187,"M"
"1361",185,"M"
"1362",193,"M"
"1363",158,"M"
"1364",170,"M"
"1365",167,"M"
"1366",176,"M"
"1367",188,"M"
"1368",180,"M"
"1369",166,"M"
"1370",182,"M"
"1371",169,"M"
"1372",165,"M"
"1373",174,"M"
"1374",174,"M"
"1375",179,"M"
"1376",190,"M"
"1377",183,"M"
"1378",170,"M"
"1379",191,"M"
"1380",185,"M"
"1381",177,"M"
"1382",168,"M"
"1383",187,"M"
"1384",196,"M"
"1385",182,"M"
"1386",170,"M"
"1387",162,"M"
"1388",180,"M"
"1389",181,"M"
"1390",191,"M"
"1391",163,"M"
"1392",167,"M"
"1393",172,"M"
"1394",184,"M"
"1395",190,"M"
"1396",173,"M"
"1397",193,"M"
"1398",170,"M"
"1399",181,"M"
"1400",184,"M"
"1401",190,"M"
"1402",176,"M"
"1403",190,"M"
"1404",173,"M"
"1405",179,"M"
"1406",186,"M"
"1407",175,"M"
"1408",168,"M"
"1409",178,"M"
"1410",172,"M"
"1411",168,"M"
"1412",162,"M"
"1413",181,"M"
"1414",170,"M"
"1415",184,"M"
"1416",167,"M"
"1417",171,"M"
"1418",170,"M"
"1419",187,"M"
"1420",174,"M"
"1421",185,"M"
"1422",172,"M"
"1423",179,"M"
"1424",185,"M"
"1425",185,"M"
"1426",181,"M"
"1427",181,"M"
"1428",177,"M"
"1429",189,"M"
"1430",164,"M"
"1431",193,"M"
"1432",165,"M"
"1433",169,"M"
"1434",173,"M"
"1435",175,"M"
"1436",175,"M"
"1437",175,"M"
"1438",155,"M"
"1439",166,"M"
"1440",186,"M"
"1441",186,"M"
"1442",182,"M"
"1443",170,"M"
"1444",188,"M"
"1445",167,"M"
"1446",179,"M"
"1447",192,"M"
"1448",165,"M"
"1449",173,"M"
"1450",188,"M"
"1451",172,"M"
"1452",151,"M"
"1453",176,"M"
"1454",177,"M"
"1455",178,"M"
"1456",169,"M"
"1457",179,"M"
"1458",193,"M"
"1459",172,"M"
"1460",167,"M"
"1461",176,"M"
"1462",159,"M"
"1463",170,"M"
"1464",186,"M"
"1465",165,"M"
"1466",177,"M"
"1467",182,"M"
"1468",179,"M"
"1469",169,"M"
"1470",156,"M"
"1471",173,"M"
"1472",175,"M"
"1473",182,"M"
"1474",172,"M"
"1475",179,"M"
"1476",176,"M"
"1477",167,"M"
"1478",149,"M"
"1479",167,"M"
"1480",167,"M"
"1481",162,"M"
"1482",192,"M"
"1483",175,"M"
"1484",177,"M"
"1485",181,"M"
"1486",177,"M"
"1487",179,"M"
"1488",191,"M"
"1489",180,"M"
"1490",159,"M"
"1491",199,"M"
"1492",175,"M"
"1493",179,"M"
"1494",162,"M"
"1495",187,"M"
"1496",183,"M"
"1497",178,"M"
"1498",172,"M"
"1499",180,"M"
"1500",191,"M"
"1501",153,"M"
"1502",183,"M"
"1503",166,"M"
"1504",184,"M"
"1505",176,"M"
"1506",185,"M"
"1507",168,"M"
"1508",177,"M"
"1509",165,"M"
"1510",175,"M"
"1511",170,"M"
"1512",190,"M"
"1513",176,"M"
"1514",183,"M"
"1515",182,"M"
"1516",168,"M"
"1517",175,"M"
"1518",176,"M"
"1519",183,"M"
"1520",175,"M"
"1521",185,"M"
"1522",198,"M"
"1523",178,"M"
"1524",191,"M"
"1525",175,"M"
"1526",178,"M"
"1527",186,"M"
"1528",178,"M"
"1529",172,"M"
"1530",168,"M"
"1531",178,"M"
"1532",161,"M"
"1533",160,"M"
"1534",172,"M"
"1535",177,"M"
"1536",186,"M"
"1537",178,"M"
"1538",186,"M"
"1539",167,"M"
"1540",181,"M"
"1541",184,"M"
"1542",187,"M"
"1543",167,"M"
"1544",192,"M"
"1545",157,"M"
"1546",173,"M"
"1547",172,"M"
"1548",176,"M"
"1549",157,"M"
"1550",179,"M"
"1551",169,"M"
"1552",177,"M"
"1553",184,"M"
"1554",170,"M"
"1555",140,"M"
"1556",172,"M"
"1557",192,"M"
"1558",173,"M"
"1559",166,"M"
"1560",178,"M"
"1561",173,"M"
"1562",185,"M"
"1563",189,"M"
"1564",169,"M"
"1565",176,"M"
"1566",162,"M"
"1567",168,"M"
"1568",184,"M"
"1569",168,"M"
"1570",173,"M"
"1571",180,"M"
"1572",170,"M"
"1573",172,"M"
"1574",169,"M"
"1575",166,"M"
"1576",171,"M"
"1577",181,"M"
"1578",159,"M"
"1579",178,"M"
"1580",174,"M"
"1581",186,"M"
"1582",169,"M"
"1583",160,"M"
"1584",160,"M"
"1585",178,"M"
"1586",175,"M"
"1587",180,"M"
"1588",167,"M"
"1589",175,"M"
"1590",164,"M"
"1591",178,"M"
"1592",184,"M"
"1593",196,"M"
"1594",169,"M"
"1595",191,"M"
"1596",179,"M"
"1597",174,"M"
"1598",163,"M"
"1599",175,"M"
"1600",155,"M"
"1601",182,"M"
"1602",201,"M"
"1603",167,"M"
"1604",186,"M"
"1605",177,"M"
"1606",178,"M"
"1607",162,"M"
"1608",157,"M"
"1609",175,"M"
"1610",175,"M"
"1611",170,"M"
"1612",177,"M"
"1613",164,"M"
"1614",206,"M"
"1615",194,"M"
"1616",164,"M"
"1617",175,"M"
"1618",185,"M"
"1619",171,"M"
"1620",179,"M"
"1621",183,"M"
"1622",177,"M"
"1623",173,"M"
"1624",167,"M"
"1625",170,"M"
"1626",188,"M"
"1627",177,"M"
"1628",177,"M"
"1629",163,"M"
"1630",168,"M"
"1631",174,"M"
"1632",197,"M"
"1633",177,"M"
"1634",169,"M"
"1635",197,"M"
"1636",162,"M"
"1637",183,"M"
"1638",188,"M"
"1639",175,"M"
"1640",148,"M"
"1641",184,"M"
"1642",176,"M"
"1643",161,"M"
"1644",189,"M"
"1645",176,"M"
"1646",177,"M"
"1647",150,"M"
"1648",153,"M"
"1649",136,"M"
"1650",183,"M"
"1651",186,"M"
"1652",183,"M"
"1653",188,"M"
"1654",169,"M"
"1655",177,"M"
"1656",192,"M"
"1657",162,"M"
"1658",169,"M"
"1659",163,"M"
"1660",191,"M"
"1661",170,"M"
"1662",162,"M"
"1663",181,"M"
"1664",168,"M"
"1665",185,"M"
"1666",184,"M"
"1667",182,"M"
"1668",165,"M"
"1669",176,"M"
"1670",186,"M"
"1671",166,"M"
"1672",164,"M"
"1673",171,"M"
"1674",184,"M"
"1675",199,"M"
"1676",171,"M"
"1677",174,"M"
"1678",184,"M"
"1679",181,"M"
"1680",174,"M"
"1681",174,"M"
"1682",180,"M"
"1683",175,"M"
"1684",159,"M"
"1685",171,"M"
"1686",165,"M"
"1687",170,"M"
"1688",183,"M"
"1689",166,"M"
"1690",173,"M"
"1691",170,"M"
"1692",181,"M"
"1693",184,"M"
"1694",162,"M"
"1695",180,"M"
"1696",175,"M"
"1697",182,"M"
"1698",178,"M"
"1699",169,"M"
"1700",173,"M"
"1701",176,"M"
"1702",171,"M"
"1703",191,"M"
"1704",181,"M"
"1705",178,"M"
"1706",187,"M"
"1707",177,"M"
"1708",171,"M"
"1709",192,"M"
"1710",186,"M"
"1711",155,"M"
"1712",168,"M"
"1713",170,"M"
"1714",157,"M"
"1715",162,"M"
"1716",162,"M"
"1717",160,"M"
"1718",180,"M"
"1719",167,"M"
"1720",176,"M"
"1721",163,"M"
"1722",166,"M"
"1723",178,"M"
"1724",171,"M"
"1725",174,"M"
"1726",173,"M"
"1727",179,"M"
"1728",176,"M"
"1729",182,"M"
"1730",177,"M"
"1731",180,"M"
"1732",175,"M"
"1733",180,"M"
"1734",182,"M"
"1735",172,"M"
"1736",187,"M"
"1737",188,"M"
"1738",168,"M"
"1739",176,"M"
"1740",172,"M"
"1741",171,"M"
"1742",176,"M"
"1743",156,"M"
"1744",167,"M"
"1745",160,"M"
"1746",197,"M"
"1747",166,"M"
"1748",162,"M"
"1749",167,"M"
"1750",169,"M"
"1751",168,"M"
"1752",165,"M"
"1753",177,"M"
"1754",185,"M"
"1755",169,"M"
"1756",177,"M"
"1757",173,"M"
"1758",182,"M"
"1759",178,"M"
"1760",176,"M"
"1761",174,"M"
"1762",184,"M"
"1763",166,"M"
"1764",167,"M"
"1765",198,"M"
"1766",168,"M"
"1767",169,"M"
"1768",185,"M"
"1769",171,"M"
"1770",194,"M"
"1771",160,"M"
"1772",178,"M"
"1773",153,"M"
"1774",161,"M"
"1775",189,"M"
"1776",182,"M"
"1777",176,"M"
"1778",167,"M"
"1779",176,"M"
"1780",185,"M"
"1781",171,"M"
"1782",176,"M"
"1783",171,"M"
"1784",173,"M"
"1785",161,"M"
"1786",176,"M"
"1787",172,"M"
"1788",194,"M"
"1789",176,"M"
"1790",176,"M"
"1791",189,"M"
"1792",168,"M"
"1793",177,"M"
"1794",177,"M"
"1795",184,"M"
"1796",195,"M"
"1797",167,"M"
"1798",182,"M"
"1799",170,"M"
"1800",181,"M"
"1801",156,"M"
"1802",170,"M"
"1803",157,"M"
"1804",164,"M"
"1805",170,"M"
"1806",179,"M"
"1807",158,"M"
"1808",178,"M"
"1809",169,"M"
"1810",197,"M"
"1811",169,"M"
"1812",172,"M"
"1813",191,"M"
"1814",169,"M"
"1815",186,"M"
"1816",160,"M"
"1817",179,"M"
"1818",166,"M"
"1819",166,"M"
"1820",166,"M"
"1821",179,"M"
"1822",159,"M"
"1823",169,"M"
"1824",164,"M"
"1825",172,"M"
"1826",182,"M"
"1827",194,"M"
"1828",179,"M"
"1829",194,"M"
"1830",177,"M"
"1831",164,"M"
"1832",178,"M"
"1833",167,"M"
"1834",181,"M"
"1835",168,"M"
"1836",188,"M"
"1837",168,"M"
"1838",180,"M"
"1839",182,"M"
"1840",184,"M"
"1841",172,"M"
"1842",166,"M"
"1843",185,"M"
"1844",177,"M"
"1845",173,"M"
"1846",172,"M"
"1847",163,"M"
"1848",163,"M"
"1849",178,"M"
"1850",183,"M"
"1851",190,"M"
"1852",177,"M"
"1853",171,"M"
"1854",184,"M"
"1855",162,"M"
"1856",186,"M"
"1857",181,"M"
"1858",187,"M"
"1859",180,"M"
"1860",164,"M"
"1861",170,"M"
"1862",179,"M"
"1863",174,"M"
"1864",181,"M"
"1865",177,"M"
"1866",182,"M"
"1867",172,"M"
"1868",158,"M"
"1869",174,"M"
"1870",162,"M"
"1871",178,"M"
"1872",168,"M"
"1873",181,"M"
"1874",185,"M"
"1875",175,"M"
"1876",183,"M"
"1877",164,"M"
"1878",182,"M"
"1879",189,"M"
"1880",175,"M"
"1881",169,"M"
"1882",167,"M"
"1883",170,"M"
"1884",181,"M"
"1885",186,"M"
"1886",185,"M"
"1887",168,"M"
"1888",176,"M"
"1889",157,"M"
"1890",191,"M"
"1891",184,"M"
"1892",171,"M"
"1893",166,"M"
"1894",170,"M"
"1895",189,"M"
"1896",178,"M"
"1897",186,"M"
"1898",170,"M"
"1899",173,"M"
"1900",169,"M"
"1901",185,"M"
"1902",175,"M"
"1903",164,"M"
"1904",171,"M"
"1905",200,"M"
"1906",187,"M"
"1907",176,"M"
"1908",188,"M"
"1909",191,"M"
"1910",174,"M"
"1911",147,"M"
"1912",167,"M"
"1913",188,"M"
"1914",181,"M"
"1915",176,"M"
"1916",197,"M"
"1917",181,"M"
"1918",183,"M"
"1919",170,"M"
"1920",183,"M"
"1921",165,"M"
"1922",144,"M"
"1923",192,"M"
"1924",189,"M"
"1925",181,"M"
"1926",184,"M"
"1927",177,"M"
"1928",167,"M"
"1929",172,"M"
"1930",161,"M"
"1931",180,"M"
"1932",161,"M"
"1933",179,"M"
"1934",181,"M"
"1935",160,"M"
"1936",166,"M"
"1937",189,"M"
"1938",183,"M"
"1939",165,"M"
"1940",169,"M"
"1941",177,"M"
"1942",178,"M"
"1943",161,"M"
"1944",165,"M"
"1945",178,"M"
"1946",206,"M"
"1947",178,"M"
"1948",187,"M"
"1949",180,"M"
"1950",181,"M"
"1951",174,"M"
"1952",169,"M"
"1953",169,"M"
"1954",197,"M"
"1955",168,"M"
"1956",160,"M"
"1957",161,"M"
"1958",177,"M"
"1959",179,"M"
"1960",165,"M"
"1961",179,"M"
"1962",187,"M"
"1963",164,"M"
"1964",166,"M"
"1965",181,"M"
"1966",190,"M"
"1967",157,"M"
"1968",175,"M"
"1969",178,"M"
"1970",167,"M"
"1971",182,"M"
"1972",188,"M"
"1973",172,"M"
"1974",159,"M"
"1975",167,"M"
"1976",186,"M"
"1977",191,"M"
"1978",172,"M"
"1979",175,"M"
"1980",164,"M"
"1981",174,"M"
"1982",178,"M"
"1983",181,"M"
"1984",174,"M"
"1985",200,"M"
"1986",187,"M"
"1987",177,"M"
"1988",168,"M"
"1989",182,"M"
"1990",154,"M"
"1991",175,"M"
"1992",196,"M"
"1993",167,"M"
"1994",175,"M"
"1995",179,"M"
"1996",170,"M"
"1997",183,"M"
"1998",186,"M"
"1999",171,"M"
"2000",183,"M"
